종목명,현재가,전일비,등락률,매수호가,매도호가,거래량,거래대금,전일거래량,조회일자,종목명_전처리,종목코드,매출액,영업이익,당기순이익,영업이익률,순이익률,ROE(지배주주),부채비율,당좌비율,유보율,EPS(원),PER(배),BPS(원),PBR(배),주당배당금(원),시가배당률(%),배당성향(%),시가총액,시가총액순위,상장주식수,액면가l매매단위,외국인한도주식수(A),외국인보유주식수(B),외국인소진율(B/A),투자의견l목표주가,52주최고l최저,PERlEPS(2021.06),추정PERlEPS,PBRlBPS (2021.06),배당수익률,동일업종 PER,동일업종 등락률,PERlEPS(2021.09),PBRlBPS (2021.09),배당수익률l2020.12,PERlEPS(2020.12),PBRlBPS (2020.12),PERlEPS(2021.08),PBRlBPS (2021.08),배당수익률l2020.11
에스티팜 *,113900.0,14800.0,+14.93%,114000.0,114100.0,1015737.0,111141.0,429312.0,2021-11-25,에스티팜,237690,,,,,,,,,,,,,,,,,"2조  1,231  억원",코스닥 19위,18656000,500원  l  1주,18656000,0,0.00%,"4.00매수  l  125,000","145,200  l  66,000",N/A  l  -570원,161.00배  l  706원,"7.17배  l  15,876원",,86.54배,+0.10%,,,,,,,,
진바이오텍 *,5800.0,480.0,+9.02%,5740.0,5750.0,3821421.0,22445.0,4653164.0,2021-11-25,진바이오텍,086060,,,,,,,,,,,,,,,,,498  억원,코스닥 1341위,8610587,500원  l  1주,8610587,190496,2.21%,N/A  l  N/A,"8,220  l  4,700",,N/A  l  N/A,,,86.54배,+0.11%,N/A  l  -448원,"1.13배  l  5,113원",0.52%,,,,,
차백신연구소 *,11200.0,800.0,+7.69%,11050.0,11100.0,3525525.0,39313.0,1813404.0,2021-11-25,차백신연구소,261780,,,,,,,,,,,,,,,,,"2,960  억원",코스닥 335위,26429162,500원  l  1주,26429162,62130,0.24%,N/A  l  N/A,"14,900  l  9,740",,N/A  l  N/A,,,86.54배,+0.11%,,,,N/A  l  N/A,N/A  l  N/A,,,
에이비온 *,12700.0,750.0,+6.28%,12450.0,12500.0,213714.0,2737.0,38564.0,2021-11-25,에이비온,203400,,,,,,,,,,,,,,,,,"2,274  억원",코스닥 429위,17977928,500원  l  1주,17977928,99655,0.55%,N/A  l  N/A,"26,450  l  6,240",,N/A  l  N/A,,,86.54배,+0.10%,,,,N/A  l  -756원,"N/A  l  -4,980원",,,
HK이노엔 *,60700.0,3000.0,+5.20%,60700.0,60800.0,614938.0,36799.0,457291.0,2021-11-25,HK이노엔,195940,1758.0,158.0,,8.99,,,,,,317.0,175.19,,,,,,"1조  7,516  억원",코스닥 30위,28904499,500원  l  1주,28904499,507451,1.76%,"4.00매수  l  73,000","80,300  l  49,200","42.35배  l  1,431원",N/A  l  N/A,"1.75배  l  34,625원",,86.54배,+0.10%,,,,,,,,
동아쏘시오홀딩스,116500.0,5500.0,+4.95%,117000.0,117500.0,32489.0,3716.0,22059.0,2021-11-25,동아쏘시오홀딩스,000640,2095.0,132.0,156.0,6.3,7.45,,,,,2458.0,45.16,148496.0,0.75,,,,"7,363  억원",코스피 288위,6347506,"5,000원  l  1주",6347506,762174,12.01%,"4.00매수  l  155,000","157,500  l  99,500",,N/A  l  N/A,,,86.54배,+0.13%,"3.37배  l  34,437원","0.74배  l  157,466원",0.86%,,,,,
일동제약,16050.0,650.0,+4.22%,15850.0,15900.0,125426.0,1972.0,126808.0,2021-11-25,일동제약,249420,,,,,,,,,,,,,,,,,"3,832  억원",코스피 417위,23803285,"1,000원  l  1주",23803285,1061856,4.46%,"4.00매수  l  22,000","21,450  l  12,400",,N/A  l  N/A,,,86.54배,+0.11%,"N/A  l  -1,046원","1.58배  l  10,209원",,,,,,
휴온스글로벌 *,41800.0,1650.0,+4.11%,41700.0,41750.0,116628.0,4927.0,28595.0,2021-11-25,휴온스글로벌,084110,,,,,,,,,,,,,,,,,"5,029  억원",코스닥 172위,12030289,500원  l  1주,12030289,1268678,10.55%,3.00중립  l  N/A,"82,300  l  25,900","12.54배  l  3,333원",N/A  l  N/A,"1.18배  l  35,553원",,86.54배,+0.10%,,,0.91%,,,,,
휴메딕스 *,24800.0,900.0,+3.77%,24750.0,24800.0,40492.0,999.0,14959.0,2021-11-25,휴메딕스,200670,,,,,,,,,,,,,,,,,"2,468  억원",코스닥 399위,9971194,500원  l  1주,9971194,597269,5.99%,N/A  l  N/A,"44,600  l  20,350","15.44배  l  1,603원",N/A  l  N/A,"1.90배  l  12,995원",,86.54배,+0.10%,,,1.62%,,,,,
지트리비앤티 *,15350.0,550.0,+3.72%,15350.0,15400.0,410790.0,6281.0,245000.0,2021-11-25,지트리비앤티,115450,,,,,,,,,,,,,,,,,"4,144  억원",코스닥 221위,27088019,500원  l  1주,27088019,571795,2.11%,N/A  l  N/A,"33,550  l  9,520",,N/A  l  N/A,,,86.54배,+0.11%,N/A  l  -625원,"5.11배  l  2,992원",,,,,,
코스맥스엔비티 *,6430.0,220.0,+3.54%,6350.0,6360.0,70367.0,443.0,52548.0,2021-11-25,코스맥스엔비티,222040,865.0,47.0,,5.43,,,,,,,,,,,,,"1,322  억원",코스닥 757위,20628000,500원  l  1주,20628000,392820,1.90%,N/A  l  N/A,"12,900  l  5,950",N/A  l  -449원,N/A  l  N/A,"2.31배  l  2,769원",,86.54배,+0.13%,,,,,,,,
보령제약,14250.0,450.0,+3.26%,14200.0,14250.0,233215.0,3258.0,144641.0,2021-11-25,보령제약,003850,,,,,,,,,,,,,,,,,"9,788  억원",코스피 239위,68690000,500원  l  1주,68690000,4761972,6.93%,"4.00매수  l  18,400","24,734  l  12,668",31.32배  l  455원,28.00배  l  516원,"2.46배  l  5,792원",,86.54배,+0.10%,,,0.53%,,,,,
프롬바이오 *,11900.0,350.0,+3.03%,11950.0,12000.0,261670.0,3106.0,286302.0,2021-11-25,프롬바이오,377220,,,,,,,,,,,,,,,,,"1,677  억원",코스닥 612위,14155000,100원  l  1주,14155000,32126,0.23%,N/A  l  N/A,"24,250  l  11,050",,N/A  l  N/A,,,86.54배,+0.13%,,,,N/A  l  -857원,"2.65배  l  4,477원",,,
코오롱생명과학 *,34300.0,1000.0,+3.00%,34100.0,34200.0,43928.0,1482.0,57195.0,2021-11-25,코오롱생명과학,102940,,,,,,,,,,,,,,,,,"3,886  억원",코스닥 243위,11412356,500원  l  1주,11412356,248620,2.18%,N/A  l  N/A,"40,100  l  17,850","N/A  l  -2,515원",N/A  l  N/A,"6.04배  l  5,636원",,86.54배,+0.13%,,,,,,,,
에이디엠코리아 *,4390.0,125.0,+2.93%,4370.0,4395.0,91515.0,402.0,49587.0,2021-11-25,에이디엠코리아,187660,,,,,,,,,,,,,,,,,959  억원,코스닥 981위,21836250,100원  l  1주,21836250,98376,0.45%,N/A  l  N/A,"11,000  l  4,210",,N/A  l  N/A,,,86.54배,+0.13%,,,,20.05배  l  219원,"2.92배  l  1,501원",,,
엔지켐생명과학 *,57100.0,1600.0,+2.88%,57100.0,57300.0,96923.0,5447.0,77701.0,2021-11-25,엔지켐생명과학,183490,,,,,,,,,,,,,,,,,"4,749  억원",코스닥 183위,8331345,500원  l  1주,8331345,685583,8.23%,N/A  l  N/A,"146,957  l  53,900","N/A  l  -2,541원",N/A  l  N/A,"5.58배  l  10,224원",,86.54배,+0.10%,,,,,,,,
압타바이오 *,39650.0,1100.0,+2.85%,39650.0,39700.0,648849.0,25756.0,2525566.0,2021-11-25,압타바이오,293780,,,,,,,,,,,,,,,,,"8,812  억원",코스닥 90위,22196466,500원  l  1주,22196466,800695,3.61%,N/A  l  N/A,"62,100  l  16,316",N/A  l  -357원,N/A  l  N/A,"13.16배  l  3,016원",,86.54배,+0.13%,,,,,,,,
파마리서치 *,79600.0,1900.0,+2.45%,79600.0,79700.0,67160.0,5329.0,57616.0,2021-11-25,파마리서치,214450,405.0,149.0,130.0,36.89,32.02,,,,,1228.0,63.26,29681.0,2.62,,,,"8,049  억원",코스닥 96위,10111930,500원  l  1주,10111930,1348276,13.33%,"4.00매수  l  110,000","101,700  l  53,500",,"16.00배  l  4,834원",,,86.54배,+0.13%,"17.00배  l  4,683원","2.77배  l  28,768원",0.63%,,,,,
부광약품,13150.0,300.0,+2.33%,13050.0,13100.0,277904.0,3601.0,322365.0,2021-11-25,부광약품,003000,,,,,,,,,,,,,,,,,"9,345  억원",코스피 246위,71063049,500원  l  1주,71063049,4330615,6.09%,N/A  l  N/A,"32,713  l  12,300",,N/A  l  N/A,,,86.54배,+0.10%,N/A  l  -62원,"3.61배  l  3,643원",0.69%,,,,,
SK바이오사이언스,254000.0,5500.0,+2.21%,254500.0,255000.0,386588.0,97294.0,606881.0,2021-11-25,SK바이오사이언스,302440,5264.0,2595.0,2201.0,49.29,41.81,,,,,2877.0,86.38,19515.0,12.73,,,,"19조  4,692  억원",코스피 22위,76500000,500원  l  1주,76500000,4721863,6.17%,"4.00매수  l  322,143","362,000  l  111,500",,"50.00배  l  5,077원",,,86.54배,+0.13%,"98.00배  l  2,597원","13.71배  l  18,565원",,,,,,
에이치엘비제약 *,14500.0,250.0,+1.75%,14550.0,14600.0,242667.0,3432.0,211027.0,2021-11-25,에이치엘비제약,047920,,,,,,,,,,,,,,,,,"3,775  억원",코스닥 252위,26036258,500원  l  1주,26036258,227220,0.87%,N/A  l  N/A,"30,200  l  12,000",,N/A  l  N/A,,,86.54배,+0.11%,"N/A  l  -3,719원","6.18배  l  2,347원",,,,,,
더블유에스아이 *,2425.0,40.0,+1.68%,2405.0,2425.0,28607.0,68.0,78945.0,2021-11-25,더블유에스아이,299170,,,,,,,,,,,,,,,,,709  억원,코스닥 1176위,29237963,100원  l  1주,29237963,3065,0.01%,N/A  l  N/A,"5,800  l  2,330",,N/A  l  N/A,,,86.54배,+0.10%,,,,N/A  l  -58원,2.62배  l  927원,,,
녹십자홀딩스,26550.0,400.0,+1.53%,26350.0,26400.0,82078.0,2150.0,98691.0,2021-11-25,녹십자홀딩스,005250,,,,,,,,,,,,,,,,,"1조  2,486  억원",코스피 202위,47028210,500원  l  1주,47028210,2553932,5.43%,N/A  l  N/A,"56,300  l  26,000","8.19배  l  3,242원",N/A  l  N/A,"1.30배  l  20,381원",,86.54배,+0.10%,,,1.88%,,,,,
일동홀딩스,14100.0,200.0,+1.44%,13950.0,14000.0,20610.0,284.0,12304.0,2021-11-25,일동홀딩스,000230,,,,,,,,,,,,,,,,,"1,639  억원",코스피 684위,11540400,"1,000원  l  1주",11540400,251491,2.18%,N/A  l  N/A,"17,350  l  10,150",,N/A  l  N/A,,,86.54배,+0.10%,"N/A  l  -2,866원","1.62배  l  8,761원",0.70%,,,,,
위더스제약 *,10050.0,140.0,+1.41%,10000.0,10050.0,14224.0,142.0,32283.0,2021-11-25,위더스제약,330350,,,,,,,,,,,,,,,,,"1,325  억원",코스닥 755위,13188622,200원  l  1주,13188622,130831,0.99%,N/A  l  N/A,"17,200  l  9,750",,N/A  l  N/A,,,86.54배,+0.10%,32.74배  l  307원,"1.67배  l  6,033원",0.32%,,,,,
이글벳 *,8130.0,110.0,+1.37%,8050.0,8060.0,71137.0,570.0,193076.0,2021-11-25,이글벳,044960,,,,,,,,,,,,,,,,,"1,027  억원",코스닥 933위,12641883,500원  l  1주,12641883,207259,1.64%,N/A  l  N/A,"13,200  l  6,900",,N/A  l  N/A,,,86.54배,+0.13%,22.25배  l  365원,"2.42배  l  3,351원",0.49%,,,,,
제일약품,31100.0,400.0,+1.30%,30900.0,30950.0,18030.0,553.0,16102.0,2021-11-25,제일약품,271980,,,,,,,,,,,,,,,,,"4,573  억원",코스피 375위,14704872,500원  l  1주,14704872,405495,2.76%,N/A  l  N/A,"94,900  l  30,600",,N/A  l  N/A,,,86.54배,+0.11%,N/A  l  -77원,"2.58배  l  12,055원",0.22%,,,,,
안트로젠 *,58100.0,700.0,+1.22%,57100.0,57200.0,87882.0,4988.0,113225.0,2021-11-25,안트로젠,065660,,,,,,,,,,,,,,,,,"5,465  억원",코스닥 154위,9421845,500원  l  1주,9421845,998647,10.60%,N/A  l  N/A,"101,500  l  46,650",,N/A  l  N/A,,,86.54배,+0.11%,N/A  l  -145원,"5.03배  l  11,535원",,,,,,
국제약품,5370.0,60.0,+1.13%,5360.0,5380.0,72781.0,387.0,44430.0,2021-11-25,국제약품,002720,,,,,,,,,,,,,,,,,"1,035  억원",코스피 844위,19276090,"1,000원  l  1주",19276090,292535,1.52%,N/A  l  N/A,"12,803  l  5,280",,N/A  l  N/A,,,86.54배,+0.10%,N/A  l  -98원,"1.37배  l  3,919원",,,,,,
동아에스티,72100.0,700.0,+0.98%,72100.0,72300.0,14716.0,1056.0,17249.0,2021-11-25,동아에스티,170900,,,,,,,,,,,,,,,,,"6,097  억원",코스피 325위,8444213,"5,000원  l  1주",8444213,1665369,19.72%,"4.00매수  l  103,333","101,000  l  70,900",N/A  l  -398원,N/A  l  N/A,"0.96배  l  75,409원",,86.54배,+0.13%,,,1.38%,,,,,
녹십자,228500.0,2000.0,+0.88%,227500.0,228000.0,24041.0,5469.0,44754.0,2021-11-25,녹십자,006280,4830.0,356.0,317.0,7.37,6.56,,,,,3162.0,71.64,104287.0,2.17,,,,"2조  6,704  억원",코스피 122위,11686538,"5,000원  l  1주",11686538,2637792,22.57%,"4.00매수  l  387,143","538,000  l  224,500",,"26.00배  l  8,810원",,,86.54배,+0.10%,"30.96배  l  7,381원","2.21배  l  103,299원",0.66%,,,,,
에이치엘비생명과학 *,13050.0,100.0,+0.77%,13000.0,13050.0,931304.0,11871.0,829056.0,2021-11-25,에이치엘비생명과학,067630,,,,,,,,,,,,,,,,,"1조  2,415  억원",코스닥 50위,95498081,500원  l  1주,95498081,6914960,7.24%,N/A  l  N/A,"23,000  l  7,249",,N/A  l  N/A,,,86.54배,+0.13%,N/A  l  -302원,"4.05배  l  3,210원",,,,,,
셀트리온제약 *,123000.0,900.0,+0.74%,122900.0,123000.0,126269.0,15635.0,185569.0,2021-11-25,셀트리온제약,068760,,,,,,,,,,,,,,,,,"4조  4,957  억원",코스닥 7위,36550811,500원  l  1주,36550811,2623798,7.18%,N/A  l  N/A,"268,871  l  109,400",127.07배  l  968원,N/A  l  N/A,"14.15배  l  8,690원",,86.54배,+0.10%,,,,,,,,
안국약품 *,9940.0,50.0,+0.51%,9930.0,9940.0,15488.0,155.0,12281.0,2021-11-25,안국약품,001540,,,,,,,,,,,,,,,,,"1,295  억원",코스닥 764위,13042420,500원  l  1주,13042420,473575,3.63%,N/A  l  N/A,"17,150  l  9,600",,N/A  l  N/A,,,86.54배,+0.13%,92.80배  l  107원,"0.80배  l  12,486원",2.22%,,,,,
팜스빌 *,10250.0,50.0,+0.49%,10200.0,10300.0,19827.0,201.0,18926.0,2021-11-25,팜스빌,318010,,,,,,,,,,,,,,,,,813  억원,코스닥 1087위,7929338,500원  l  1주,7929338,280223,3.53%,N/A  l  N/A,"19,650  l  9,500",,N/A  l  N/A,,,86.54배,+0.13%,17.98배  l  570원,"1.35배  l  7,569원",0.98%,,,,,
국전약품 *,10750.0,50.0,+0.47%,10750.0,10800.0,631042.0,6829.0,985386.0,2021-11-25,국전약품,307750,,,,,,,,,,,,,,,,,"5,275  억원",코스닥 160위,49069269,100원  l  1주,49069269,118332,0.24%,N/A  l  N/A,"24,900  l  4,230",,N/A  l  N/A,,,86.54배,+0.10%,,,,N/A  l  -80원,"6.42배  l  1,674원",,,
디에이치피코리아 *,7110.0,30.0,+0.42%,7080.0,7100.0,17929.0,127.0,18908.0,2021-11-25,디에이치피코리아,131030,,,,,,,,,,,,,,,,,"1,174  억원",코스닥 835위,16564797,500원  l  1주,16564797,706879,4.27%,N/A  l  N/A,"9,450  l  6,580",,N/A  l  N/A,,,86.54배,+0.10%,12.55배  l  565원,"0.92배  l  7,689원",1.41%,,,,,
동화약품,13500.0,50.0,+0.37%,13500.0,13550.0,140094.0,1889.0,344250.0,2021-11-25,동화약품,000020,,,,,,,,,,,,,,,,,"3,785  억원",코스피 421위,27931470,"1,000원  l  1주",27931470,821428,2.94%,N/A  l  N/A,"25,500  l  13,400",,N/A  l  N/A,,,86.54배,+0.13%,19.00배  l  713원,"1.10배  l  12,302원",1.33%,,,,,
JW생명과학,14300.0,50.0,+0.35%,14200.0,14250.0,19004.0,270.0,24947.0,2021-11-25,JW생명과학,234080,,,,,,,,,,,,,,,,,"2,248  억원",코스피 586위,15834554,"2,500원  l  1주",15834554,454497,2.87%,N/A  l  N/A,"24,000  l  13,700",17.32배  l  820원,N/A  l  N/A,"1.71배  l  8,291원",,86.54배,+0.13%,,,3.52%,,,,,
비씨월드제약 *,15200.0,50.0,+0.33%,15150.0,15200.0,21351.0,323.0,36106.0,2021-11-25,비씨월드제약,200780,,,,,,,,,,,,,,,,,"1,352  억원",코스닥 741위,8892384,200원  l  1주,8892384,151934,1.71%,N/A  l  N/A,"28,650  l  15,000",,N/A  l  N/A,,,86.54배,+0.13%,43.55배  l  349원,"1.24배  l  12,236원",0.66%,,,,,
휴온스 *,48800.0,150.0,+0.31%,48800.0,48850.0,19735.0,967.0,12602.0,2021-11-25,휴온스,243070,1207.0,161.0,,13.34,,,,,,,,24483.0,1.99,,,,"5,294  억원",코스닥 159위,10859671,500원  l  1주,10859671,2324822,21.41%,"4.00매수  l  81,000","86,500  l  47,450",,N/A  l  N/A,,,86.54배,+0.13%,"9.72배  l  5,013원","1.97배  l  24,728원",1.12%,,,,,
진양제약 *,6740.0,20.0,+0.30%,6680.0,6700.0,74558.0,497.0,55452.0,2021-11-25,진양제약,007370,,,,,,,,,,,,,,,,,811  억원,코스닥 1090위,12000000,500원  l  1주,12000000,235720,1.96%,N/A  l  N/A,"9,230  l  5,360",,N/A  l  N/A,,,86.54배,+0.13%,10.18배  l  664원,"1.16배  l  5,814원",1.48%,,,,,
환인제약,17450.0,50.0,+0.29%,17400.0,17450.0,20625.0,359.0,19160.0,2021-11-25,환인제약,016580,460.0,60.0,57.0,13.06,12.4,,,,,306.0,56.78,20757.0,0.84,,,,"3,246  억원",코스피 477위,18600070,500원  l  1주,18600070,2690191,14.46%,"4.00매수  l  26,500","23,550  l  15,250",,N/A  l  N/A,,,86.54배,+0.10%,"11.82배  l  1,476원","0.85배  l  20,582원",1.72%,,,,,
JW신약 *,3630.0,10.0,+0.28%,3610.0,3630.0,59225.0,214.0,80472.0,2021-11-25,JW신약,067290,,,,,,,,,,,,,,,,,"1,601  억원",코스닥 642위,43936858,500원  l  1주,43936858,671630,1.53%,N/A  l  N/A,"6,260  l  3,405",N/A  l  -76원,N/A  l  N/A,"2.90배  l  1,258원",,86.54배,+0.13%,,,,,,,,
하나제약,19750.0,50.0,+0.25%,19650.0,19750.0,16659.0,326.0,7395.0,2021-11-25,하나제약,293480,551.0,105.0,87.0,19.06,15.79,,,,,490.0,40.24,14715.0,1.34,,,,"3,501  억원",코스피 446위,17772946,500원  l  1주,17772946,180201,1.01%,"4.00매수  l  31,000","26,084  l  19,500",,N/A  l  N/A,,,86.54배,+0.13%,20.91배  l  942원,"1.39배  l  14,149원",2.36%,,,,,
에이치엘사이언스 *,32400.0,50.0,+0.15%,32350.0,32400.0,1618.0,52.0,5411.0,2021-11-25,에이치엘사이언스,239610,,,,,,,,,,,,,,,,,"1,747  억원",코스닥 590위,5392115,500원  l  1주,5392115,50574,0.94%,N/A  l  N/A,"46,310  l  31,600",,N/A  l  N/A,,,86.54배,+0.11%,"11.39배  l  2,845원","1.63배  l  19,882원",1.18%,,,,,
고려제약 *,8790.0,10.0,+0.11%,8720.0,8750.0,16465.0,144.0,34786.0,2021-11-25,고려제약,014570,,,,,,,,,,,,,,,,,967  억원,코스닥 972위,11000000,500원  l  1주,11000000,245352,2.23%,N/A  l  N/A,"12,500  l  8,560",,N/A  l  N/A,,,86.54배,+0.10%,13.08배  l  672원,"1.28배  l  6,878원",1.71%,,,,,
내츄럴엔도텍 *,4800.0,5.0,+0.10%,4785.0,4815.0,27592.0,132.0,55512.0,2021-11-25,내츄럴엔도텍,168330,,,,,,,,,,,,,,,,,"1,496  억원",코스닥 681위,31172723,500원  l  1주,31172723,507920,1.63%,N/A  l  N/A,"12,000  l  4,665",N/A  l  -17원,N/A  l  N/A,"3.35배  l  1,434원",,86.54배,+0.13%,,,,,,,,
유한양행우,58400.0,0.0,0.00%,58400.0,58500.0,361.0,21.0,505.0,2021-11-25,유한양행우,000105,4614.0,236.0,282.0,5.12,6.11,,,,,402.0,148.53,29534.0,2.02,,,,690  억원,코스피 953위,1180940,"1,000원  l  1주",1180940,0,0.00%,"4.00매수  l  87,091","75,183  l  54,100",,"40.00배  l  1,450원",,,86.54배,+0.10%,"42.35배  l  1,379원","2.01배  l  29,124원",0.70%,,,,,
신신제약 *,6650.0,0.0,0.00%,6690.0,6700.0,60959.0,416.0,21363.0,2021-11-25,신신제약,002800,,,,,,,,,,,,,,,,,"1,015  억원",코스닥 936위,15170500,500원  l  1주,15170500,182550,1.20%,N/A  l  N/A,"13,050  l  6,590",,N/A  l  N/A,,,86.54배,+0.10%,N/A  l  -188원,"1.85배  l  3,615원",,,,,,
일성신약,72900.0,0.0,0.00%,72900.0,73000.0,207.0,15.0,2983.0,2021-11-25,일성신약,003120,,,,,,,,,,,,,,,,,"1,939  억원",코스피 637위,2660000,"5,000원  l  1주",2660000,61393,2.31%,N/A  l  N/A,"102,000  l  72,600",,N/A  l  N/A,,,86.54배,+0.10%,"N/A  l  -1,033원","0.33배  l  223,376원",1.03%,,,,,
대한뉴팜 *,11300.0,0.0,0.00%,11350.0,11400.0,44182.0,502.0,61709.0,2021-11-25,대한뉴팜,054670,,,,,,,,,,,,,,,,,"1,622  억원",코스닥 633위,14354920,500원  l  1주,14354920,50667,0.35%,N/A  l  N/A,"13,950  l  10,200",,N/A  l  N/A,,,86.54배,+0.10%,N/A  l  -153원,"2.07배  l  5,449원",,,,,,
브릿지바이오테라퓨틱스 *,12000.0,0.0,0.00%,11950.0,12000.0,43706.0,525.0,91514.0,2021-11-25,브릿지바이오테라퓨틱스,288330,,,,,,,,,,,,,,,,,"2,361  억원",코스닥 421위,19677395,500원  l  1주,19677395,231860,1.18%,N/A  l  N/A,"16,850  l  11,200",,N/A  l  N/A,,,86.54배,+0.13%,"N/A  l  -1,193원","4.77배  l  2,517원",,,,,,
이연제약,40800.0,50.0,-0.12%,40700.0,40750.0,69297.0,2832.0,99999.0,2021-11-25,이연제약,102460,,,,,,,,,,,,,,,,,"7,352  억원",코스피 289위,17998577,500원  l  1주,17998577,276650,1.54%,N/A  l  N/A,"77,700  l  15,950",,N/A  l  N/A,,,86.54배,+0.10%,130.10배  l  314원,"3.06배  l  13,357원",0.48%,,,,,
삼성바이오로직스,848000.0,1000.0,-0.12%,848000.0,849000.0,16815.0,14302.0,41799.0,2021-11-25,삼성바이오로직스,207940,4473.0,1494.0,1370.0,33.41,30.64,,,,,1946.0,436.25,76277.0,11.13,,,,"56조  1,079  억원",코스피 5위,66165000,"2,500원  l  1주",66165000,7054408,10.66%,"4.00매수  l  1,102,667","1,047,000  l  679,000",,"125.00배  l  6,807원",,,86.54배,+0.10%,"136.69배  l  6,204원","11.42배  l  74,254원",,,,,,
노바렉스 *,32700.0,50.0,-0.15%,32750.0,32850.0,54590.0,1764.0,44746.0,2021-11-25,노바렉스,194700,722.0,78.0,66.0,10.8,9.14,,,,,766.0,42.74,17482.0,1.87,,,,"2,949  억원",코스닥 332위,9003740,500원  l  1주,9003740,138416,1.54%,"4.00매수  l  54,000","50,700  l  32,300",,"11.00배  l  2,858원",,,86.54배,+0.10%,"11.73배  l  2,792원","1.98배  l  16,558원",0.92%,,,,,
대웅,30250.0,50.0,-0.17%,30200.0,30250.0,30450.0,920.0,70611.0,2021-11-25,대웅,003090,,,,,,,,,,,,,,,,,"1조  7,588  억원",코스피 159위,58141980,500원  l  1주,58141980,2398874,4.13%,"4.00매수  l  38,000","86,700  l  25,000","18.71배  l  1,617원",N/A  l  N/A,"1.86배  l  16,303원",,86.54배,+0.10%,,,0.33%,,,,,
현대약품,5330.0,10.0,-0.19%,5320.0,5330.0,73643.0,390.0,87851.0,2021-11-25,현대약품,004310,,,,,,,,,,,,,,,,,"1,709  억원",코스피 670위,32000000,500원  l  1주,32000000,592918,1.85%,N/A  l  N/A,"11,000  l  5,140",,N/A  l  N/A,,,86.54배,+0.10%,,,,,,N/A  l  -22원,"1.66배  l  3,213원",0.80%
명문제약,4820.0,10.0,-0.21%,4805.0,4810.0,74416.0,359.0,76082.0,2021-11-25,명문제약,017180,,,,,,,,,,,,,,,,,"1,637  억원",코스피 681위,33953454,500원  l  1주,33953454,343884,1.01%,N/A  l  N/A,"11,750  l  4,570",,N/A  l  N/A,,,86.54배,+0.10%,N/A  l  -201원,"1.84배  l  2,617원",,,,,,
유나이티드제약,47700.0,100.0,-0.21%,47650.0,47800.0,20812.0,993.0,37057.0,2021-11-25,유나이티드제약,033270,,,,,,,,,,,,,,,,,"7,749  억원",코스피 275위,16244822,500원  l  1주,16244822,1276295,7.86%,N/A  l  N/A,"81,900  l  44,250",,N/A  l  N/A,,,86.54배,+0.10%,"26.50배  l  1,800원","2.37배  l  20,113원",0.73%,,,,,
한독,22600.0,50.0,-0.22%,22500.0,22550.0,14295.0,321.0,24047.0,2021-11-25,한독,002390,,,,,,,,,,,,,,,,,"3,111  억원",코스피 489위,13763533,500원  l  1주,13763533,347075,2.52%,"4.00매수  l  45,000","36,800  l  22,400",,N/A  l  N/A,,,86.54배,+0.13%,"20.73배  l  1,090원","0.78배  l  28,845원",1.33%,,,,,
대화제약 *,9280.0,20.0,-0.22%,9240.0,9250.0,12309.0,114.0,31352.0,2021-11-25,대화제약,067080,,,,,,,,,,,,,,,,,"1,728  억원",코스닥 599위,18616650,500원  l  1주,18616650,640294,3.44%,N/A  l  N/A,"20,000  l  9,200",,N/A  l  N/A,,,86.54배,+0.10%,49.36배  l  188원,"1.91배  l  4,847원",1.62%,,,,,
경보제약,9010.0,20.0,-0.22%,8970.0,9010.0,22114.0,198.0,33885.0,2021-11-25,경보제약,214390,,,,,,,,,,,,,,,,,"2,154  억원",코스피 604위,23906860,500원  l  1주,23906860,217499,0.91%,N/A  l  N/A,"22,600  l  8,970",,N/A  l  N/A,,,86.54배,+0.10%,N/A  l  -170원,"1.44배  l  6,246원",1.11%,,,,,
바이오플러스 *,22100.0,50.0,-0.23%,22100.0,22250.0,72811.0,1633.0,57291.0,2021-11-25,바이오플러스,099430,,,,,,,,,,,,,,,,,"3,182  억원",코스닥 294위,14363528,500원  l  1주,14363528,16371,0.11%,N/A  l  N/A,"43,000  l  21,700",,N/A  l  N/A,,,86.54배,+0.11%,26.59배  l  833원,"3.88배  l  5,706원",,,,,,
한올바이오파마,20200.0,50.0,-0.25%,20150.0,20200.0,78384.0,1579.0,228500.0,2021-11-25,한올바이오파마,009420,272.0,22.0,,8.07,,,,,,52.0,391.8,3518.0,5.76,,,,1조  526  억원,코스피 227위,52240638,500원  l  1주,52240638,2877662,5.51%,"4.33매수  l  35,000","40,600  l  18,700",,84.00배  l  241원,,,86.54배,+0.10%,65.21배  l  309원,"6.30배  l  3,200원",,,,,,
삼아제약 *,18600.0,50.0,-0.27%,18500.0,18550.0,10107.0,187.0,30991.0,2021-11-25,삼아제약,009300,,,,,,,,,,,,,,,,,"1,185  억원",코스닥 829위,6370000,"1,000원  l  1주",6370000,276715,4.34%,N/A  l  N/A,"27,100  l  14,300",N/A  l  -175원,N/A  l  N/A,"0.68배  l  27,352원",,86.54배,+0.10%,,,1.61%,,,,,
광동제약,7130.0,20.0,-0.28%,7120.0,7130.0,50431.0,360.0,207767.0,2021-11-25,광동제약,009290,,,,,,,,,,,,,,,,,"3,738  억원",코스피 424위,52420851,"1,000원  l  1주",52420851,10933324,20.86%,N/A  l  N/A,"11,600  l  7,100",,N/A  l  N/A,,,86.54배,+0.11%,35.12배  l  203원,"0.60배  l  11,966원",1.40%,,,,,
JW중외제약우,33700.0,100.0,-0.30%,33700.0,33950.0,30.0,1.0,142.0,2021-11-25,JW중외제약우,001065,,,,,,,,,,,,,,,,,60  억원,코스피 1640위,177486,"2,500원  l  1주",177486,271,0.15%,N/A  l  N/A,"72,800  l  28,200",,N/A  l  N/A,,,86.54배,+0.10%,N/A  l  -52원,"3.69배  l  9,135원",1.03%,,,,,
에스텍파마 *,9540.0,30.0,-0.31%,9520.0,9540.0,14340.0,137.0,22334.0,2021-11-25,에스텍파마,041910,,,,,,,,,,,,,,,,,"1,135  억원",코스닥 856위,11898263,500원  l  1주,11898263,197835,1.66%,N/A  l  N/A,"14,100  l  9,450",,N/A  l  N/A,,,86.54배,+0.10%,12.65배  l  754원,"0.95배  l  10,045원",1.05%,,,,,
유한양행,59500.0,200.0,-0.34%,59300.0,59400.0,77180.0,4589.0,113404.0,2021-11-25,유한양행,000100,4614.0,236.0,282.0,5.12,6.11,,,,,402.0,148.53,29534.0,2.02,,,,"4조  1,704  억원",코스피 80위,69972959,"1,000원  l  1주",69972959,12415426,17.74%,"4.00매수  l  87,091","81,000  l  57,300",,"41.00배  l  1,450원",,,86.54배,+0.11%,"43.22배  l  1,379원","2.05배  l  29,124원",0.64%,,,,,
영진약품,4365.0,15.0,-0.34%,4335.0,4340.0,272355.0,1188.0,347675.0,2021-11-25,영진약품,003520,,,,,,,,,,,,,,,,,"7,992  억원",코스피 273위,182892731,500원  l  1주,182892731,8194702,4.48%,N/A  l  N/A,"9,780  l  4,360",,N/A  l  N/A,,,86.54배,+0.10%,N/A  l  -67원,7.64배  l  572원,,,,,,
한미약품,267500.0,1000.0,-0.37%,267500.0,268000.0,10768.0,2877.0,18894.0,2021-11-25,한미약품,128940,2968.0,306.0,180.0,10.32,6.06,,,,,1548.0,170.52,,,,,,"3조  2,370  억원",코스피 102위,12078282,"2,500원  l  1주",12078282,1617739,13.39%,"4.00매수  l  367,500","427,000  l  251,000","140.17배  l  1,912원","48.00배  l  5,601원","4.25배  l  63,110원",,86.54배,+0.11%,,,0.18%,,,,,
삼진제약,26150.0,100.0,-0.38%,26150.0,26200.0,44237.0,1161.0,36450.0,2021-11-25,삼진제약,005500,,,,,,,,,,,,,,,,,"3,635  억원",코스피 435위,13900000,"1,000원  l  1주",13900000,1574122,11.32%,N/A  l  N/A,"30,500  l  23,300",,N/A  l  N/A,,,86.54배,+0.10%,"9.90배  l  2,642원","1.37배  l  19,056원",3.06%,,,,,
조아제약 *,3690.0,15.0,-0.40%,3690.0,3695.0,126799.0,469.0,189562.0,2021-11-25,조아제약,034940,,,,,,,,,,,,,,,,,"1,146  억원",코스닥 847위,30979827,500원  l  1주,30979827,338568,1.09%,N/A  l  N/A,"5,850  l  3,680",,N/A  l  N/A,,,86.54배,+0.13%,N/A  l  -196원,"2.13배  l  1,737원",,,,,,
이수앱지스 *,9630.0,40.0,-0.41%,9620.0,9670.0,106735.0,1026.0,169831.0,2021-11-25,이수앱지스,086890,,,,,,,,,,,,,,,,,"3,195  억원",코스닥 291위,33182668,500원  l  1주,33182668,273399,0.82%,N/A  l  N/A,"25,000  l  6,860",N/A  l  -548원,N/A  l  N/A,"4.82배  l  1,997원",,86.54배,+0.10%,,,,,,,,
알리코제약 *,7080.0,30.0,-0.42%,7050.0,7080.0,15637.0,111.0,22348.0,2021-11-25,알리코제약,260660,,,,,,,,,,,,,,,,,"1,085  억원",코스닥 893위,15327021,500원  l  1주,15327021,172952,1.13%,N/A  l  N/A,"11,750  l  7,000",,N/A  l  N/A,,,86.54배,+0.10%,28.78배  l  246원,"1.32배  l  5,347원",0.90%,,,,,
유유제약,6940.0,30.0,-0.43%,6950.0,6960.0,55946.0,390.0,92528.0,2021-11-25,유유제약,000220,,,,,,,,,,,,,,,,,"1,194  억원",코스피 778위,17232351,"1,000원  l  1주",17232351,371048,2.15%,N/A  l  N/A,"18,950  l  5,995",,N/A  l  N/A,,,86.54배,+0.10%,N/A  l  -52원,"1.04배  l  6,642원",1.57%,,,,,
경동제약 *,11550.0,50.0,-0.43%,11500.0,11550.0,142878.0,1654.0,162375.0,2021-11-25,경동제약,011040,,,,,,,,,,,,,,,,,"3,538  억원",코스닥 270위,30768766,500원  l  1주,30768766,2892214,9.40%,N/A  l  N/A,"17,650  l  9,400",34.85배  l  330원,N/A  l  N/A,"1.21배  l  9,538원",,86.54배,+0.10%,,,4.35%,,,,,
아미노로직스 *,2265.0,10.0,-0.44%,2265.0,2280.0,223734.0,507.0,206027.0,2021-11-25,아미노로직스,074430,,,,,,,,,,,,,,,,,"1,985  억원",코스닥 511위,87826844,100원  l  1주,87826844,1046585,1.19%,N/A  l  N/A,"4,355  l  2,205",,N/A  l  N/A,,,86.54배,+0.11%,27.23배  l  83원,3.31배  l  682원,,,,,,
드림씨아이에스 *,11400.0,50.0,-0.44%,11500.0,11550.0,14840.0,169.0,43851.0,2021-11-25,드림씨아이에스,223250,,,,,,,,,,,,,,,,,645  억원,코스닥 1235위,5659054,500원  l  1주,5659054,81286,1.44%,N/A  l  N/A,"22,000  l  9,850",18.15배  l  628원,N/A  l  N/A,"1.72배  l  6,644원",,86.54배,+0.10%,,,,,,,,
종근당,111500.0,500.0,-0.45%,111500.0,112000.0,18413.0,2061.0,26587.0,2021-11-25,종근당,185750,,,,,,,,,,,,,,,,,"1조  2,797  억원",코스피 196위,11426099,"2,500원  l  1주",11426099,898665,7.87%,"4.00매수  l  163,333","273,774  l  110,000",,N/A  l  N/A,,,86.54배,+0.10%,"24.46배  l  4,579원","2.22배  l  50,468원",0.85%,,,,,
셀트리온,210000.0,1000.0,-0.47%,209500.0,210000.0,340835.0,71832.0,671761.0,2021-11-25,셀트리온,068270,5844.0,2162.0,1659.0,37.0,28.38,,,,,1213.0,174.01,28987.0,7.28,,,,"28조  9,689  억원",코스피 12위,137947128,"1,000원  l  1주",137947128,27787554,20.14%,"4.00매수  l  289,727","396,239  l  193,500",,"46.00배  l  4,517원",,,86.54배,+0.10%,"52.41배  l  4,007원","7.52배  l  27,914원",,,,,,
셀트리온헬스케어 *,84400.0,400.0,-0.47%,84400.0,84500.0,311787.0,26477.0,637819.0,2021-11-25,셀트리온헬스케어,091990,4695.0,622.0,810.0,13.25,17.26,,,,,249.0,341.19,13774.0,6.16,,,,13조  689  억원,코스닥 1위,155028498,"1,000원  l  1주",155028498,25980483,16.76%,"4.00매수  l  104,714","177,100  l  78,400",,"72.00배  l  1,179원",,,86.54배,+0.10%,"77.98배  l  1,081원","6.38배  l  13,219원",,,,,,
동국제약 *,20400.0,100.0,-0.49%,20300.0,20350.0,44514.0,906.0,93374.0,2021-11-25,동국제약,086450,1546.0,164.0,,10.64,,,,,,281.0,77.82,,,,,,"9,070  억원",코스닥 81위,44460000,500원  l  1주,44460000,8304352,18.68%,"4.00매수  l  26,500","33,650  l  20,350","17.59배  l  1,160원",N/A  l  N/A,"2.12배  l  9,613원",,86.54배,+0.10%,,,0.88%,,,,,
동구바이오제약 *,7700.0,40.0,-0.52%,7660.0,7670.0,86946.0,669.0,56438.0,2021-11-25,동구바이오제약,006620,,,,,,,,,,,,,,,,,"2,192  억원",코스닥 457위,28464992,500원  l  1주,28464992,190277,0.67%,N/A  l  N/A,"16,074  l  7,510",,N/A  l  N/A,,,86.54배,+0.10%,29.39배  l  262원,"2.15배  l  3,575원",0.44%,,,,,
CMG제약 *,3525.0,20.0,-0.56%,3525.0,3535.0,357312.0,1254.0,341395.0,2021-11-25,CMG제약,058820,,,,,,,,,,,,,,,,,"4,903  억원",코스닥 176위,138892244,500원  l  1주,138892244,9046395,6.51%,N/A  l  N/A,"7,100  l  3,460",,N/A  l  N/A,,,86.54배,+0.10%,882.50배  l  4원,"2.66배  l  1,329원",,,,,,
퓨쳐켐 *,17750.0,100.0,-0.56%,17850.0,17900.0,38028.0,676.0,60128.0,2021-11-25,퓨쳐켐,220100,,,,,,,,,,,,,,,,,"2,422  억원",코스닥 407위,13645971,500원  l  1주,13645971,257430,1.89%,N/A  l  N/A,"25,900  l  13,000",,N/A  l  N/A,,,86.54배,+0.10%,"N/A  l  -1,239원","4.46배  l  3,977원",,,,,,
대한약품 *,29550.0,200.0,-0.67%,29500.0,29550.0,4496.0,133.0,5571.0,2021-11-25,대한약품,023910,420.0,68.0,,16.19,,,,,,,,33725.0,0.88,,,,"1,770  억원",코스닥 581위,6000000,500원  l  1주,6000000,975106,16.25%,"4.00매수  l  40,000","45,850  l  29,000",,N/A  l  N/A,,,86.54배,+0.10%,"10.61배  l  2,780원","0.90배  l  32,921원",1.36%,,,,,
우진비앤지 *,2085.0,15.0,-0.71%,2065.0,2070.0,124669.0,259.0,151586.0,2021-11-25,우진비앤지,018620,,,,,,,,,,,,,,,,,602  억원,코스닥 1270위,28889293,500원  l  1주,28889293,794771,2.75%,N/A  l  N/A,"3,515  l  1,985",,N/A  l  N/A,,,86.54배,+0.10%,N/A  l  -99원,"1.85배  l  1,128원",,,,,,
코스맥스비티아이,13850.0,100.0,-0.72%,13900.0,13950.0,19484.0,273.0,14053.0,2021-11-25,코스맥스비티아이,044820,,,,,,,,,,,,,,,,,"1,330  억원",코스피 740위,9603921,500원  l  1주,9603921,446022,4.64%,N/A  l  N/A,"21,550  l  13,750",,N/A  l  N/A,,,86.54배,+0.10%,168.90배  l  82원,"0.43배  l  32,330원",1.44%,,,,,
코미팜 *,8150.0,60.0,-0.73%,8120.0,8140.0,188766.0,1543.0,115961.0,2021-11-25,코미팜,041960,,,,,,,,,,,,,,,,,"5,225  억원",코스닥 165위,64185876,100원  l  1주,64185876,3120649,4.86%,N/A  l  N/A,"16,250  l  8,020",,N/A  l  N/A,,,86.54배,+0.10%,N/A  l  -67원,"7.07배  l  1,151원",,,,,,
카이노스메드 *,2660.0,20.0,-0.75%,2665.0,2670.0,113907.0,303.0,189859.0,2021-11-25,카이노스메드,284620,,,,,,,,,,,,,,,,,"2,809  억원",코스닥 346위,105401704,100원  l  1주,105401704,4015682,3.81%,N/A  l  N/A,"5,040  l  2,610",N/A  l  -122원,N/A  l  N/A,50.28배  l  53원,,86.54배,+0.11%,,,,,,,,
티움바이오 *,19000.0,150.0,-0.78%,18950.0,19000.0,52788.0,1004.0,75478.0,2021-11-25,티움바이오,321550,,,,,,,,,,,,,,,,,"4,526  억원",코스닥 198위,23821926,500원  l  1주,23821926,42595,0.18%,N/A  l  N/A,"29,650  l  15,300",N/A  l  -848원,N/A  l  N/A,"6.43배  l  2,956원",,86.54배,+0.10%,,,,,,,,
한국파마 *,47300.0,400.0,-0.84%,47300.0,47350.0,58818.0,2797.0,88463.0,2021-11-25,한국파마,032300,,,,,,,,,,,,,,,,,"5,170  억원",코스닥 166위,10906701,500원  l  1주,10906701,12544,0.12%,N/A  l  N/A,"94,800  l  20,100",,N/A  l  N/A,,,86.54배,+0.11%,94.61배  l  501원,"10.12배  l  4,686원",0.10%,,,,,
에이프로젠 H&G *,704.0,6.0,-0.85%,702.0,704.0,237601.0,167.0,296957.0,2021-11-25,에이프로젠 H&G,109960,,,,,,,,,,,,,,,,,"1,256  억원",코스닥 791위,178695217,500원  l  1주,178695217,1435899,0.80%,N/A  l  N/A,"1,245  l  627",,N/A  l  N/A,,,86.54배,+0.11%,87.88배  l  8원,"0.57배  l  1,242원",,,,,,
씨케이에이치 *,339.0,3.0,-0.88%,336.0,339.0,1099154.0,376.0,2218058.0,2021-11-25,씨케이에이치,900120,,,,,,,,,,,,,,,,,410  억원,코스닥 1403위,120449666,0.05 USD  l  1주,120449666,32938661,27.35%,N/A  l  N/A,579  l  210,7.39배  l  46원,N/A  l  N/A,"0.11배  l  3,187원",,105.31배,+0.10%,,,,,,,,
프레스티지바이오로직스 *,11100.0,100.0,-0.89%,10900.0,10950.0,163292.0,1787.0,122699.0,2021-11-25,프레스티지바이오로직스,334970,,,,,,,,,,,,,,,,,"5,216  억원",코스닥 167위,47206389,500원  l  1주,47206389,9661275,20.47%,N/A  l  N/A,"21,550  l  8,870","N/A  l  -1,133원",N/A  l  N/A,"4.46배  l  2,480원",,86.54배,+0.11%,,,,,,,,
신일제약 *,11000.0,100.0,-0.90%,10900.0,11000.0,20608.0,226.0,55429.0,2021-11-25,신일제약,012790,,,,,,,,,,,,,,,,,"1,234  억원",코스닥 804위,11217186,500원  l  1주,11217186,270305,2.41%,N/A  l  N/A,"27,385  l  10,550",,N/A  l  N/A,,,86.54배,+0.08%,23.71배  l  464원,"1.08배  l  10,200원",0.88%,,,,,
제일파마홀딩스,16350.0,150.0,-0.91%,16350.0,16400.0,3126.0,51.0,2013.0,2021-11-25,제일파마홀딩스,002620,,,,,,,,,,,,,,,,,"2,612  억원",코스피 529위,15973355,500원  l  1주,15973355,1521043,9.52%,N/A  l  N/A,"27,450  l  16,300",,N/A  l  N/A,,,86.54배,+0.10%,39.78배  l  411원,"0.61배  l  26,888원",0.43%,,,,,
한미사이언스,53900.0,500.0,-0.92%,53700.0,53800.0,52543.0,2834.0,59986.0,2021-11-25,한미사이언스,008930,,,,,,,,,,,,,,,,,"3조  6,344  억원",코스피 90위,67304611,500원  l  1주,67304611,1074095,1.60%,N/A  l  N/A,"96,600  l  53,600",118.94배  l  454원,N/A  l  N/A,"5.29배  l  10,208원",,86.54배,+0.08%,,,0.36%,,,,,
팜젠사이언스,10500.0,100.0,-0.94%,10450.0,10500.0,132629.0,1398.0,338485.0,2021-11-25,팜젠사이언스,004720,,,,,,,,,,,,,,,,,"1,552  억원",코스피 698위,14712933,500원  l  1주,14712933,299426,2.04%,N/A  l  N/A,"18,600  l  8,450",,N/A  l  N/A,,,86.54배,+0.10%,"6.09배  l  1,732원","1.42배  l  7,419원",,,,,,
종근당바이오,38300.0,400.0,-1.03%,38300.0,38350.0,7930.0,304.0,8624.0,2021-11-25,종근당바이오,063160,,,,,,,,,,,,,,,,,"2,107  억원",코스피 609위,5485962,"2,500원  l  1주",5485962,78600,1.43%,N/A  l  N/A,"119,000  l  38,000",,N/A  l  N/A,,,86.54배,+0.08%,"N/A  l  -1,227원","1.30배  l  29,501원",0.52%,,,,,
콜마비앤에이치 *,33650.0,350.0,-1.03%,33600.0,33650.0,20785.0,702.0,43662.0,2021-11-25,콜마비앤에이치,200130,1584.0,241.0,,15.21,,,,,,641.0,53.01,,,,,,"9,956  억원",코스닥 69위,29543558,500원  l  1주,29543558,824644,2.79%,"4.00매수  l  52,500","58,000  l  32,500","13.62배  l  2,474원",N/A  l  N/A,"2.81배  l  12,001원",,86.54배,+0.10%,,,0.95%,,,,,
삼일제약,7620.0,80.0,-1.04%,7610.0,7620.0,16015.0,122.0,27901.0,2021-11-25,삼일제약,000520,,,,,,,,,,,,,,,,,"1,032  억원",코스피 845위,13537283,500원  l  1주,13537283,256858,1.90%,N/A  l  N/A,"11,700  l  7,600",N/A  l  -100원,N/A  l  N/A,"1.37배  l  5,559원",,86.54배,+0.08%,,,0.98%,,,,,
일양약품,28650.0,300.0,-1.04%,28650.0,28700.0,64544.0,1857.0,72517.0,2021-11-25,일양약품,007570,,,,,,,,,,,,,,,,,"5,478  억원",코스피 345위,19085664,"2,500원  l  1주",19085664,1641555,8.60%,N/A  l  N/A,"84,300  l  28,250",,N/A  l  N/A,,,86.54배,+0.11%,48.48배  l  592원,"2.44배  l  11,785원",0.42%,,,,,
KPX생명과학 *,6400.0,70.0,-1.08%,6380.0,6390.0,50651.0,326.0,66161.0,2021-11-25,KPX생명과학,114450,,,,,,,,,,,,,,,,,960  억원,코스닥 976위,15000000,500원  l  1주,15000000,65985,0.44%,N/A  l  N/A,"18,200  l  6,420",N/A  l  -129원,N/A  l  N/A,"1.64배  l  3,909원",,86.54배,+0.11%,,,,,,,,
유유제약1우,9070.0,100.0,-1.09%,9030.0,9080.0,3741.0,33.0,2552.0,2021-11-25,유유제약1우,000225,,,,,,,,,,,,,,,,,206  억원,코스피 1244위,2266930,"1,000원  l  1주",2266930,44173,1.95%,N/A  l  N/A,"27,200  l  4,925",,N/A  l  N/A,,,86.54배,+0.10%,N/A  l  -52원,"1.37배  l  6,642원",1.21%,,,,,
대봉엘에스 *,8090.0,90.0,-1.10%,8130.0,8140.0,5367.0,44.0,12419.0,2021-11-25,대봉엘에스,078140,,,,,,,,,,,,,,,,,897  억원,코스닥 1025위,11086579,500원  l  1주,11086579,237284,2.14%,N/A  l  N/A,"13,000  l  7,860",17.03배  l  475원,N/A  l  N/A,"0.84배  l  9,685원",,86.54배,+0.11%,,,0.62%,,,,,
대웅제약,134000.0,1500.0,-1.11%,134000.0,134500.0,12246.0,1644.0,16852.0,2021-11-25,대웅제약,069620,2963.0,194.0,136.0,6.55,4.61,,,,,,,51173.0,2.65,,,,"1조  5,526  억원",코스피 177위,11586575,"2,500원  l  1주",11586575,790547,6.82%,"4.00매수  l  206,250","286,500  l  100,500",,307.00배  l  436원,,,86.54배,+0.10%,134.54배  l  996원,"2.72배  l  49,219원",0.45%,,,,,
경남제약 *,5240.0,60.0,-1.13%,5240.0,5250.0,35405.0,185.0,29947.0,2021-11-25,경남제약,053950,,,,,,,,,,,,,,,,,"1,051  억원",코스닥 913위,20049565,500원  l  1주,20049565,284897,1.42%,N/A  l  N/A,"10,500  l  5,180",,N/A  l  N/A,,,86.54배,+0.11%,N/A  l  -285원,"1.41배  l  3,728원",,,,,,
테라젠이텍스 *,5960.0,70.0,-1.16%,5960.0,5970.0,85368.0,510.0,50989.0,2021-11-25,테라젠이텍스,066700,,,,,,,,,,,,,,,,,"1,935  억원",코스닥 529위,32474435,500원  l  1주,32474435,478425,1.47%,N/A  l  N/A,"10,850  l  6,000",,N/A  l  N/A,,,86.54배,+0.08%,N/A  l  -278원,"0.82배  l  7,274원",,,,,,
JW중외제약2우B,58500.0,700.0,-1.18%,58400.0,59000.0,45.0,2.0,112.0,2021-11-25,JW중외제약2우B,001067,,,,,,,,,,,,,,,,,54  억원,코스피 1660위,93028,"2,500원  l  1주",93028,494,0.53%,N/A  l  N/A,"99,900  l  48,000",,N/A  l  N/A,,,86.54배,+0.11%,N/A  l  -52원,"6.40배  l  9,135원",0.55%,,,,,
네오이뮨텍(Reg.S) *,9980.0,120.0,-1.19%,9980.0,9990.0,572628.0,5715.0,1347989.0,2021-11-25,네오이뮨텍(Reg.S),950220,,,,,,,,,,,,,,,,,"9,833  억원",코스닥 71위,98532010,,98532010,8665438,8.79%,N/A  l  N/A,"17,450  l  9,350",,N/A  l  N/A,,,86.54배,+0.10%,N/A  l  -526원,"5.63배  l  1,772원",,,,,,
삼천당제약 *,45100.0,550.0,-1.20%,45150.0,45200.0,83581.0,3775.0,116949.0,2021-11-25,삼천당제약,000250,,,,,,,,,,,,,,,,,1조  268  억원,코스닥 67위,22768041,500원  l  1주,22768041,1294444,5.69%,N/A  l  N/A,"95,700  l  40,000",,N/A  l  N/A,,,86.54배,+0.08%,N/A  l  -249원,"5.60배  l  8,048원",,,,,,
삼성제약,4940.0,60.0,-1.20%,4945.0,4955.0,214253.0,1066.0,287233.0,2021-11-25,삼성제약,001360,,,,,,,,,,,,,,,,,"3,318  억원",코스피 471위,67162079,500원  l  1주,67162079,3866770,5.76%,N/A  l  N/A,"13,450  l  3,710",N/A  l  -629원,N/A  l  N/A,"2.25배  l  2,193원",,86.54배,+0.11%,,,,,,,,
옵티팜 *,9760.0,120.0,-1.21%,9670.0,9710.0,33256.0,324.0,269652.0,2021-11-25,옵티팜,153710,,,,,,,,,,,,,,,,,"1,422  억원",코스닥 716위,14589458,500원  l  1주,14589458,43643,0.30%,N/A  l  N/A,"25,400  l  9,000",,N/A  l  N/A,,,86.54배,+0.08%,N/A  l  -259원,"4.56배  l  2,138원",,,,,,
한국유니온제약 *,9730.0,120.0,-1.22%,9780.0,9790.0,20884.0,205.0,18009.0,2021-11-25,한국유니온제약,080720,,,,,,,,,,,,,,,,,773  억원,코스닥 1122위,7903728,500원  l  1주,7903728,145250,1.84%,N/A  l  N/A,"22,500  l  9,620",,N/A  l  N/A,,,86.54배,+0.08%,N/A  l  -752원,"1.24배  l  7,883원",,,,,,
서울제약 *,6300.0,80.0,-1.25%,6300.0,6310.0,15300.0,96.0,10621.0,2021-11-25,서울제약,018680,,,,,,,,,,,,,,,,,537  억원,코스닥 1314위,8524523,500원  l  1주,8524523,389122,4.56%,N/A  l  N/A,"12,850  l  6,310",,N/A  l  N/A,,,86.54배,+0.10%,"N/A  l  -1,253원","2.21배  l  2,847원",,,,,,
SK바이오팜,98200.0,1300.0,-1.31%,97800.0,97900.0,114114.0,11212.0,122616.0,2021-11-25,SK바이오팜,326030,342.0,-426.0,-622.0,-124.56,-181.87,,,,,,,4529.0,21.97,,,,"7조  6,904  억원",코스피 50위,78313250,500원  l  1주,78313250,4737956,6.05%,"3.80매수  l  136,000","192,500  l  91,400",,-321.00배  l  -306원,,,86.54배,+0.08%,N/A  l  -516원,"19.41배  l  5,058원",,,,,,
바이온 *,1060.0,15.0,-1.40%,1055.0,1060.0,118473.0,127.0,198554.0,2021-11-25,바이온,032980,,,,,,,,,,,,,,,,,709  억원,코스닥 1176위,66900777,500원  l  1주,66900777,1434693,2.14%,N/A  l  N/A,"1,740  l  1,000",N/A  l  -69원,N/A  l  N/A,1.64배  l  647원,,86.54배,+0.11%,,,,,,,,
지엘팜텍 *,907.0,13.0,-1.41%,900.0,910.0,192431.0,175.0,128643.0,2021-11-25,지엘팜텍,204840,,,,,,,,,,,,,,,,,471  억원,코스닥 1363위,51886844,100원  l  1주,51886844,331739,0.64%,N/A  l  N/A,"2,390  l  894",,N/A  l  N/A,,,86.54배,+0.11%,N/A  l  -77원,3.61배  l  251원,,,,,,
큐라클 *,24550.0,350.0,-1.41%,24450.0,24500.0,87874.0,2158.0,103869.0,2021-11-25,큐라클,365270,,,,,,,,,,,,,,,,,"3,328  억원",코스닥 280위,13582968,500원  l  1주,13582968,98005,0.72%,N/A  l  N/A,"62,400  l  24,350",,N/A  l  N/A,,,86.54배,+0.08%,,,,"N/A  l  -2,624원",29.10배  l  842원,,,
넥스트BT *,1385.0,20.0,-1.42%,1380.0,1385.0,570743.0,789.0,762274.0,2021-11-25,넥스트BT,065170,,,,,,,,,,,,,,,,,"1,232  억원",코스닥 805위,88970559,500원  l  1주,88970559,5421928,6.09%,N/A  l  N/A,"2,155  l  1,310",,N/A  l  N/A,,,86.54배,+0.10%,N/A  l  -303원,1.63배  l  848원,,,,,,
녹십자웰빙 *,10100.0,150.0,-1.46%,10100.0,10150.0,57128.0,577.0,53163.0,2021-11-25,녹십자웰빙,234690,229.0,34.0,27.0,14.85,11.79,,,,,152.0,73.97,,,,,,"1,793  억원",코스닥 571위,17752276,500원  l  1주,17752276,278214,1.57%,N/A  l  N/A,"15,600  l  8,920",63.92배  l  158원,N/A  l  N/A,"2.10배  l  4,813원",,86.54배,+0.08%,,,0.50%,,,,,
일양약품우,26550.0,400.0,-1.48%,26550.0,26600.0,751.0,20.0,1412.0,2021-11-25,일양약품우,007575,,,,,,,,,,,,,,,,,118  억원,코스피 1396위,445080,"2,500원  l  1주",445080,1166,0.26%,N/A  l  N/A,"96,500  l  26,950",,N/A  l  N/A,,,86.54배,+0.08%,44.85배  l  592원,"2.25배  l  11,785원",0.55%,,,,,
JW홀딩스,3515.0,55.0,-1.54%,3530.0,3535.0,33163.0,116.0,34825.0,2021-11-25,JW홀딩스,096760,,,,,,,,,,,,,,,,,"2,402  억원",코스피 568위,68441182,500원  l  1주,68441182,1274026,1.86%,N/A  l  N/A,"6,260  l  3,405",11.82배  l  297원,N/A  l  N/A,"1.73배  l  2,031원",,86.54배,+0.08%,,,2.49%,,,,,
박셀바이오 *,55600.0,900.0,-1.59%,55600.0,55700.0,95752.0,5339.0,172930.0,2021-11-25,박셀바이오,323990,,,,,,,,,,,,,,,,,"8,479  억원",코스닥 93위,15223000,500원  l  1주,15223000,659903,4.33%,N/A  l  N/A,"299,700  l  45,200",N/A  l  -277원,N/A  l  N/A,"25.68배  l  2,169원",,86.54배,+0.08%,,,,,,,,
중앙백신 *,15400.0,250.0,-1.60%,15350.0,15400.0,38011.0,586.0,22695.0,2021-11-25,중앙백신,072020,,,,,,,,,,,,,,,,,"1,529  억원",코스닥 667위,9960000,500원  l  1주,9960000,186991,1.88%,N/A  l  N/A,"22,100  l  14,300",48.42배  l  317원,N/A  l  N/A,"1.67배  l  9,193원",,86.54배,+0.11%,,,0.46%,,,,,
제일바이오 *,3350.0,55.0,-1.62%,3335.0,3345.0,406572.0,1369.0,399921.0,2021-11-25,제일바이오,052670,,,,,,,,,,,,,,,,,980  억원,코스닥 957위,29129064,500원  l  1주,29129064,194823,0.67%,N/A  l  N/A,"4,675  l  3,062",56.08배  l  60원,N/A  l  N/A,"2.38배  l  1,414원",,86.54배,+0.11%,,,,,,,,
동성제약,8230.0,140.0,-1.67%,8200.0,8240.0,32796.0,270.0,278997.0,2021-11-25,동성제약,002210,,,,,,,,,,,,,,,,,"2,148  억원",코스피 605위,26100970,"1,000원  l  1주",26100970,1255653,4.81%,N/A  l  N/A,"17,000  l  7,920",,N/A  l  N/A,,,86.54배,+0.11%,N/A  l  -301원,"3.78배  l  2,175원",,,,,,
대성미생물 *,14700.0,250.0,-1.67%,14650.0,14750.0,11658.0,172.0,10721.0,2021-11-25,대성미생물,036480,,,,,,,,,,,,,,,,,559  억원,코스닥 1299위,3800000,500원  l  1주,3800000,46263,1.22%,N/A  l  N/A,"27,250  l  14,550",,N/A  l  N/A,,,86.54배,+0.11%,N/A  l  -70원,"1.55배  l  9,500원",0.58%,,,,,
종근당홀딩스,76100.0,1300.0,-1.68%,76000.0,76100.0,7139.0,545.0,5852.0,2021-11-25,종근당홀딩스,001630,2416.0,122.0,,5.05,,,,,,1617.0,49.36,,,,,,"3,812  억원",코스피 417위,5009861,"2,500원  l  1주",5009861,416264,8.31%,"4.00매수  l  140,000","156,000  l  77,000","6.24배  l  12,203원",N/A  l  N/A,"0.70배  l  109,007원",,86.54배,+0.11%,,,1.84%,,,,,
JW중외제약,22950.0,400.0,-1.71%,22900.0,22950.0,19196.0,441.0,20227.0,2021-11-25,JW중외제약,001060,,,,,,,,,,,,,,,,,"4,943  억원",코스피 363위,21539926,"2,500원  l  1주",21539926,1205148,5.59%,N/A  l  N/A,"37,350  l  22,300",,N/A  l  N/A,,,86.54배,+0.08%,N/A  l  -52원,"2.51배  l  9,135원",1.38%,,,,,
비피도 *,10650.0,200.0,-1.84%,10600.0,10650.0,29080.0,312.0,69689.0,2021-11-25,비피도,238200,,,,,,,,,,,,,,,,,867  억원,코스닥 1046위,8180000,500원  l  1주,8180000,315754,3.86%,N/A  l  N/A,"19,900  l  9,418",18.96배  l  559원,N/A  l  N/A,"1.68배  l  6,306원",,86.54배,+0.08%,,,,,,,,
하이텍팜 *,13150.0,250.0,-1.87%,13050.0,13150.0,9713.0,128.0,13730.0,2021-11-25,하이텍팜,106190,,,,,,,,,,,,,,,,,932  억원,코스닥 996위,7088782,500원  l  1주,7088782,3096948,43.69%,N/A  l  N/A,"29,450  l  12,450",,N/A  l  N/A,,,86.54배,+0.08%,N/A  l  -149원,"0.98배  l  13,385원",0.38%,,,,,
대원제약,15650.0,300.0,-1.88%,15650.0,15700.0,141676.0,2225.0,116084.0,2021-11-25,대원제약,003220,974.0,96.0,,9.86,,,,,,,,10626.0,1.5,,,,"3,322  억원",코스피 470위,21224823,500원  l  1주,21224823,3069403,14.46%,"4.00매수  l  22,667","24,350  l  15,150",,38.00배  l  417원,,,86.54배,+0.08%,96.60배  l  162원,"1.50배  l  10,406원",0.98%,,,,,
휴럼 *,1780.0,35.0,-1.93%,1780.0,1785.0,148420.0,266.0,49336.0,2021-11-25,휴럼,353190,,,,,,,,,,,,,,,,,649  억원,코스닥 1231위,36440420,100원  l  1주,36440420,67514,0.19%,N/A  l  N/A,"4,135  l  1,685",,N/A  l  N/A,,,105.31배,+0.08%,,,,26.57배  l  67원,N/A  l  N/A,,,
에이프로젠제약,905.0,18.0,-1.95%,903.0,906.0,1054101.0,957.0,574365.0,2021-11-25,에이프로젠제약,003060,,,,,,,,,,,,,,,,,"3,603  억원",코스피 437위,398575767,500원  l  1주,398575767,16244176,4.08%,N/A  l  N/A,"1,450  l  921",,N/A  l  N/A,,,86.54배,+0.11%,64.57배  l  14원,"0.71배  l  1,271원",,,,,,
화일약품 *,2695.0,60.0,-2.18%,2680.0,2685.0,114826.0,311.0,332452.0,2021-11-25,화일약품,061250,,,,,,,,,,,,,,,,,"1,769  억원",코스닥 583위,65633553,500원  l  1주,65633553,1710182,2.61%,N/A  l  N/A,"5,883  l  2,550",,N/A  l  N/A,,,86.54배,+0.08%,122.50배  l  22원,"0.98배  l  2,758원",,,,,,
바이넥스 *,14800.0,350.0,-2.31%,14800.0,14850.0,143449.0,2132.0,178383.0,2021-11-25,바이넥스,053030,372.0,42.0,,11.28,,,,,,148.0,102.38,6063.0,2.5,,,,"4,717  억원",코스닥 187위,31761048,500원  l  1주,31761048,1713460,5.39%,"3.67매수  l  26,000","38,800  l  13,150",,27.00배  l  548원,,,86.54배,+0.11%,46.55배  l  319원,"2.59배  l  5,737원",,,,,,
녹십자홀딩스2우,58600.0,1400.0,-2.33%,58600.0,59200.0,713.0,42.0,754.0,2021-11-25,녹십자홀딩스2우,005257,,,,,,,,,,,,,,,,,496  억원,코스피 1043위,845990,500원  l  1주,845990,591,0.07%,N/A  l  N/A,"192,000  l  58,500","18.08배  l  3,242원",N/A  l  N/A,"2.88배  l  20,381원",,86.54배,+0.11%,,,0.85%,,,,,
한주케미칼앤홀딩스 *,1790.0,45.0,-2.45%,1780.0,1790.0,36739.0,66.0,124051.0,2021-11-25,한주케미칼앤홀딩스,043090,,,,,,,,,,,,,,,,,666  억원,코스닥 1216위,37225728,500원  l  1주,37225728,220195,0.59%,N/A  l  N/A,"3,400  l  1,125",N/A  l  -228원,N/A  l  N/A,2.75배  l  652원,,86.54배,+0.08%,,,,,,,,
프레스티지바이오파마,24300.0,800.0,-3.19%,24350.0,24400.0,154783.0,3780.0,141659.0,2021-11-25,프레스티지바이오파마,950210,,,,,,,,,,,,,,,,,"1조  4,633  억원",코스피 184위,60096155,,60096155,37295743,62.06%,N/A  l  N/A,"54,000  l  19,750",N/A  l  -142원,N/A  l  N/A,"2.55배  l  9,567원",,105.31배,+0.11%,,,,,,,,
바이젠셀 *,33700.0,1150.0,-3.30%,33550.0,33600.0,142293.0,4825.0,96030.0,2021-11-25,바이젠셀,308080,,,,,,,,,,,,,,,,,"3,166  억원",코스닥 296위,9435680,500원  l  1주,9435680,28441,0.30%,N/A  l  N/A,"78,000  l  32,850",,N/A  l  N/A,,,86.54배,+0.08%,,,,"N/A  l  -1,385원","2.93배  l  11,434원",,,
메드팩토 *,55300.0,2100.0,-3.66%,55100.0,55200.0,92248.0,5156.0,120713.0,2021-11-25,메드팩토,235980,,,,,,,,,,,,,,,,,"1조  1,342  억원",코스닥 59위,20510342,500원  l  1주,20510342,1029470,5.02%,N/A  l  N/A,"121,900  l  52,300",N/A  l  -932원,N/A  l  N/A,"20.53배  l  2,694원",,86.54배,+0.08%,,,,,,,,
지놈앤컴퍼니 *,36200.0,1500.0,-3.98%,36250.0,36300.0,47485.0,1738.0,41494.0,2021-11-25,지놈앤컴퍼니,314130,,,,,,,,,,,,,,,,,"4,893  억원",코스닥 176위,13496620,500원  l  1주,13496620,50998,0.38%,N/A  l  N/A,"95,000  l  32,950",,N/A  l  N/A,,,86.54배,+0.08%,,,,"N/A  l  -2,688원","5.01배  l  7,242원",,,
뉴트리 *,22300.0,1050.0,-4.50%,22300.0,22350.0,50589.0,1136.0,27185.0,2021-11-25,뉴트리,270870,621.0,62.0,54.0,9.98,8.7,,,,,,,,,,,,"2,037  억원",코스닥 494위,9113224,500원  l  1주,9113224,402706,4.42%,"4.00매수  l  34,500","43,350  l  21,600","8.44배  l  2,649원",N/A  l  N/A,"2.28배  l  9,797원",,86.54배,+0.08%,,,1.12%,,,,,
유유제약2우B,17150.0,850.0,-4.72%,17700.0,17800.0,2108.0,35.0,426.0,2021-11-25,유유제약2우B,000227,,,,,,,,,,,,,,,,,56  억원,코스피 1656위,325560,"1,000원  l  1주",325560,144,0.04%,N/A  l  N/A,"59,000  l  13,315",,N/A  l  N/A,,,86.54배,+0.11%,N/A  l  -52원,"2.58배  l  6,642원",0.64%,,,,,
에스씨엠생명과학 *,15350.0,900.0,-5.54%,15300.0,15350.0,91062.0,1407.0,41000.0,2021-11-25,에스씨엠생명과학,298060,,,,,,,,,,,,,,,,,"1,839  억원",코스닥 558위,12021854,500원  l  1주,12021854,888671,7.39%,N/A  l  N/A,"60,300  l  15,150",N/A  l  -557원,N/A  l  N/A,"3.31배  l  4,619원",,86.54배,+0.11%,,,,,,,,
씨티씨바이오 *,7490.0,740.0,-8.99%,7370.0,7390.0,390673.0,2981.0,136664.0,2021-11-25,씨티씨바이오,060590,,,,,,,,,,,,,,,,,"1,763  억원",코스닥 585위,23563272,500원  l  1주,23563272,1219072,5.17%,N/A  l  N/A,"14,500  l  5,680",,N/A  l  N/A,,,86.54배,+0.11%,N/A  l  -404원,"2.04배  l  3,671원",,,,,,
신풍제약,32150.0,4300.0,-11.80%,31800.0,31850.0,9359181.0,300126.0,11653906.0,2021-11-25,신풍제약,019170,,,,,,,,,,,,,,,,,"1조  6,982  억원",코스피 166위,52984990,500원  l  1주,52984990,4867944,9.19%,N/A  l  N/A,"201,500  l  34,900",534.17배  l  60원,N/A  l  N/A,"4.49배  l  7,145원",,86.54배,+0.11%,,,0.31%,,,,,
신풍제약우,40600.0,6200.0,-13.25%,40300.0,40450.0,241089.0,9720.0,413262.0,2021-11-25,신풍제약우,019175,,,,,,,,,,,,,,,,,893  억원,코스피 887위,2200000,500원  l  1주,2200000,6029,0.27%,N/A  l  N/A,"197,000  l  43,650",676.67배  l  60원,N/A  l  N/A,"5.68배  l  7,145원",,86.54배,+0.08%,,,0.28%,,,,,
